awardYear,category,categoryFullName,sortOrder,portion,prizeAmount,prizeAmountAdjusted,dateAwarded,prizeStatus,motivation,categoryTopMotivation,award_link,id,name,knownName,givenName,familyName,fullName,penName,gender,laureate_link,birth_date,birth_city,birth_cityNow,birth_continent,birth_country,birth_countryNow,birth_locationString,death_date,death_city,death_cityNow,death_continent,death_country,death_countryNow,death_locationString,orgName,nativeName,acronym,org_founded_date,org_founded_city,org_founded_cityNow,org_founded_continent,org_founded_country,org_founded_countryNow,org_founded_locationString,ind_or_org,residence_1,residence_2,affiliation_1,affiliation_2,affiliation_3,affiliation_4
1901,Literature,The Nobel Prize in  Literature,1,1,150782,8567159,NA,received,"in special recognition of his poetic composition, which gives evidence of lofty idealism, artistic perfection and a rare combination of the qualities of both heart and intellect",NA,https://masterdataapi.nobelprize.org/2/nobelPrize/lit/1901,569,Sully Prudhomme,Sully Prudhomme,Sully,Prudhomme,Sully Prudhomme,(pen-name of René François Armand Prudhomme),male,http://masterdataapi.nobelprize.org/2/laureate/569,1839-03-16,Paris,Paris,Europe,France,France,"Paris, France",1907-09-07,Châtenay,Châtenay,Europe,France,France,"Châtenay, France",NA,NA,NA,NA,NA,NA,NA,NA,NA,NA,Individual,France,NA,NA,NA,NA,NA
1902,Literature,The Nobel Prize in  Literature,1,1,141847,8059489,NA,received,"the greatest living master of the art of historical writing, with special reference to his monumental work, <I>A history of Rome</I>",NA,https://masterdataapi.nobelprize.org/2/nobelPrize/lit/1902,571,Theodor Mommsen,Theodor Mommsen,Theodor,Mommsen,Christian Matthias Theodor Mommsen,NA,male,http://masterdataapi.nobelprize.org/2/laureate/571,1817-11-30,Garding,Garding,Europe,Schleswig,Germany,"Garding, Schleswig (now Germany)",1903-11-01,Charlottenburg,Charlottenburg,Europe,Germany,Germany,"Charlottenburg, Germany",NA,NA,NA,NA,NA,NA,NA,NA,NA,NA,Individual,Germany,NA,NA,NA,NA,NA
1903,Literature,The Nobel Prize in  Literature,1,1,141358,7795478,NA,received,"as a tribute to his noble, magnificent and versatile poetry, which has always been distinguished by both the freshness of its inspiration and the rare purity of its spirit",NA,https://masterdataapi.nobelprize.org/2/nobelPrize/lit/1903,572,Bjørnstjerne Bjørnson,Bjørnstjerne Bjørnson,Bjørnstjerne,Bjørnson,Bjørnstjerne Martinus Bjørnson,NA,male,http://masterdataapi.nobelprize.org/2/laureate/572,1832-12-08,Kvikne,Kvikne,Europe,Norway,Norway,"Kvikne, Norway",1910-04-26,Paris,Paris,Europe,France,France,"Paris, France",NA,NA,NA,NA,NA,NA,NA,NA,NA,NA,Individual,Norway,NA,NA,NA,NA,NA
1904,Literature,The Nobel Prize in  Literature,1,1/2,140859,7767960,NA,received,"in recognition of the fresh originality and true inspiration of his poetic production, which faithfully reflects the natural scenery and native spirit of his people, and, in addition, his significant work as a Proven&ccedil;al philologist",NA,https://masterdataapi.nobelprize.org/2/nobelPrize/lit/1904,573,Frédéric Mistral,Frédéric Mistral,Frédéric,Mistral,Frédéric Mistral,NA,male,http://masterdataapi.nobelprize.org/2/laureate/573,1830-09-08,Maillane,Maillane,Europe,France,France,"Maillane, France",1914-03-25,Maillane,Maillane,Europe,France,France,"Maillane, France",NA,NA,NA,NA,NA,NA,NA,NA,NA,NA,Individual,France,NA,NA,NA,NA,NA
1904,Literature,The Nobel Prize in  Literature,2,1/2,140859,7767960,NA,received,"in recognition of the numerous and brilliant compositions which, in an individual and original manner, have revived the great traditions of the Spanish drama",NA,https://masterdataapi.nobelprize.org/2/nobelPrize/lit/1904,574,José Echegaray,José Echegaray,José,Echegaray,José Echegaray y Eizaguirre,NA,male,http://masterdataapi.nobelprize.org/2/laureate/574,1832-04-19,Madrid,Madrid,Europe,Spain,Spain,"Madrid, Spain",1916-09-04,Madrid,Madrid,Europe,Spain,Spain,"Madrid, Spain",NA,NA,NA,NA,NA,NA,NA,NA,NA,NA,Individual,Spain,NA,NA,NA,NA,NA
1905,Literature,The Nobel Prize in  Literature,1,1,138089,7615202,NA,received,because of his outstanding merits as an epic writer,NA,https://masterdataapi.nobelprize.org/2/nobelPrize/lit/1905,575,Henryk Sienkiewicz,Henryk Sienkiewicz,Henryk,Sienkiewicz,Henryk Sienkiewicz,NA,male,http://masterdataapi.nobelprize.org/2/laureate/575,1846-05-05,Wola Okrzejska,Wola Okrzejska,Europe,Poland,Poland,"Wola Okrzejska, Poland",1916-11-15,Vevey,Vevey,Europe,Switzerland,Switzerland,"Vevey, Switzerland",NA,NA,NA,NA,NA,NA,NA,NA,NA,NA,Individual,Poland,NA,NA,NA,NA,NA
1906,Literature,The Nobel Prize in  Literature,1,1,138536,7421571,NA,received,"not only in consideration of his deep learning and critical research, but above all as a tribute to the creative energy, freshness of style, and lyrical force which characterize his poetic masterpieces",NA,https://masterdataapi.nobelprize.org/2/nobelPrize/lit/1906,576,Giosuè Carducci,Giosuè Carducci,Giosuè,Carducci,Giosuè Carducci,NA,male,http://masterdataapi.nobelprize.org/2/laureate/576,1835-07-27,Val di Castello,Val di Castello,Europe,Tuscany,Italy,"Val di Castello, Tuscany (now Italy)",1907-02-16,Bologna,Bologna,Europe,Italy,Italy,"Bologna, Italy",NA,NA,NA,NA,NA,NA,NA,NA,NA,NA,Individual,Italy,NA,NA,NA,NA,NA
1907,Literature,The Nobel Prize in  Literature,1,1,138796,7033581,NA,received,"in consideration of the power of observation, originality of imagination, virility of ideas and remarkable talent for narration which characterize the creations of this world-famous author",NA,https://masterdataapi.nobelprize.org/2/nobelPrize/lit/1907,577,Rudyard Kipling,Rudyard Kipling,Rudyard,Kipling,Rudyard Kipling,NA,male,http://masterdataapi.nobelprize.org/2/laureate/577,1865-12-30,Bombay,Bombay,Asia,British India,India,"Bombay, British India (now India)",1936-01-18,London,London,Europe,United Kingdom,United Kingdom,"London, United Kingdom",NA,NA,NA,NA,NA,NA,NA,NA,NA,NA,Individual,United Kingdom,NA,NA,NA,NA,NA
1908,Literature,The Nobel Prize in  Literature,1,1,139800,7084459,NA,received,"in recognition of his earnest search for truth, his penetrating power of thought, his wide range of vision, and the warmth and strength in presentation with which in his numerous works he has vindicated and developed an idealistic philosophy of life",NA,https://masterdataapi.nobelprize.org/2/nobelPrize/lit/1908,578,Rudolf Eucken,Rudolf Eucken,Rudolf,Eucken,Rudolf Christoph Eucken,NA,male,http://masterdataapi.nobelprize.org/2/laureate/578,1846-01-05,Aurich,Aurich,Europe,East Friesland,Germany,"Aurich, East Friesland (now Germany)",1926-09-14,Jena,Jena,Europe,Germany,Germany,"Jena, Germany",NA,NA,NA,NA,NA,NA,NA,NA,NA,NA,Individual,Germany,NA,NA,NA,NA,NA
1909,Literature,The Nobel Prize in  Literature,1,1,139800,7084459,NA,received,"in appreciation of the lofty idealism, vivid imagination and spiritual perception that characterize her writings",NA,https://masterdataapi.nobelprize.org/2/nobelPrize/lit/1909,579,Selma Lagerlöf,Selma Lagerlöf,Selma,Lagerlöf,Selma Ottilia Lovisa Lagerlöf,NA,female,http://masterdataapi.nobelprize.org/2/laureate/579,1858-11-20,Mårbacka,Mårbacka,Europe,Sweden,Sweden,"Mårbacka, Sweden",1940-03-16,Mårbacka,Mårbacka,Europe,Sweden,Sweden,"Mårbacka, Sweden",NA,NA,NA,NA,NA,NA,NA,NA,NA,NA,Individual,Sweden,NA,NA,NA,NA,NA
1910,Literature,The Nobel Prize in  Literature,1,1,140703,7130220,NA,received,"as a tribute to the consummate artistry, permeated with idealism, which he has demonstrated during his long productive career as a lyric poet, dramatist, novelist and writer of world-renowned short stories",NA,https://masterdataapi.nobelprize.org/2/nobelPrize/lit/1910,580,Paul Heyse,Paul Heyse,Paul,Heyse,Paul Johann Ludwig Heyse,NA,male,http://masterdataapi.nobelprize.org/2/laureate/580,1830-03-15,Berlin,Berlin,Europe,Prussia,Germany,"Berlin, Prussia (now Germany)",1914-04-02,Munich,Munich,Europe,Germany,Germany,"Munich, Germany",NA,NA,NA,NA,NA,NA,NA,NA,NA,NA,Individual,Germany,NA,NA,NA,NA,NA
1911,Literature,The Nobel Prize in  Literature,1,1,140695,7327865,NA,received,"in appreciation of his many-sided literary activities, and especially of his dramatic works, which are distinguished by a wealth of imagination and by a poetic fancy, which reveals, sometimes in the guise of a fairy tale, a deep inspiration, while in a mysterious way they appeal to the readers' own feelings and stimulate their imaginations",NA,https://masterdataapi.nobelprize.org/2/nobelPrize/lit/1911,581,Maurice Maeterlinck,Maurice Maeterlinck,Maurice,Maeterlinck,Count Maurice (Mooris) Polidore Marie Bernhard Maeterlinck,NA,male,http://masterdataapi.nobelprize.org/2/laureate/581,1862-08-29,Ghent,Ghent,Europe,Belgium,Belgium,"Ghent, Belgium",1949-05-06,Nice,Nice,Europe,France,France,"Nice, France",NA,NA,NA,NA,NA,NA,NA,NA,NA,NA,Individual,Belgium,NA,NA,NA,NA,NA
1912,Literature,The Nobel Prize in  Literature,1,1,140476,6753654,NA,received,"primarily in recognition of his fruitful, varied and outstanding production in the realm of dramatic art",NA,https://masterdataapi.nobelprize.org/2/nobelPrize/lit/1912,582,Gerhart Hauptmann,Gerhart Hauptmann,Gerhart,Hauptmann,Gerhart Johann Robert Hauptmann,NA,male,http://masterdataapi.nobelprize.org/2/laureate/582,1862-11-15,Bad Salzbrunn,Bad Salzbrunn,Europe,Prussia,Poland,"Bad Salzbrunn, Prussia (now Poland)",1946-06-06,Agnetendorf,Jagniatków,Europe,Germany,Poland,"Agnetendorf, Germany (now Jagniatków, Poland)",NA,NA,NA,NA,NA,NA,NA,NA,NA,NA,Individual,Germany,NA,NA,NA,NA,NA
1913,Literature,The Nobel Prize in  Literature,1,1,143010,6875481,NA,received,"because of his profoundly sensitive, fresh and beautiful verse, by which, with consummate skill, he has made his poetic thought, expressed in his own English words, a part of the literature of the West",NA,https://masterdataapi.nobelprize.org/2/nobelPrize/lit/1913,583,Rabindranath Tagore,Rabindranath Tagore,Rabindranath,Tagore,Rabindranath Tagore,NA,male,http://masterdataapi.nobelprize.org/2/laureate/583,1861-05-07,Calcutta,Calcutta,Asia,India,India,"Calcutta, India",1941-08-07,Calcutta,Calcutta,Asia,India,India,"Calcutta, India",NA,NA,NA,NA,NA,NA,NA,NA,NA,NA,Individual,India,NA,NA,NA,NA,NA
1915,Literature,The Nobel Prize in  Literature,1,1,149223,6217625,1916-11-09,received,as a tribute to the lofty idealism of his literary production and to the sympathy and love of truth with which he has described different types of human beings,NA,https://masterdataapi.nobelprize.org/2/nobelPrize/lit/1915,584,Romain Rolland,Romain Rolland,Romain,Rolland,Romain Rolland,NA,male,http://masterdataapi.nobelprize.org/2/laureate/584,1866-01-29,Clamecy,Clamecy,Europe,France,France,"Clamecy, France",1944-12-30,Vézelay,Vézelay,Europe,France,France,"Vézelay, France",NA,NA,NA,NA,NA,NA,NA,NA,NA,NA,Individual,France,NA,NA,NA,NA,NA
1916,Literature,The Nobel Prize in  Literature,1,1,131793,4845331,1916-11-09,received,in recognition of his significance as the leading representative of a new era in our literature,NA,https://masterdataapi.nobelprize.org/2/nobelPrize/lit/1916,585,Verner von Heidenstam,Verner von Heidenstam,Verner,von Heidenstam,Carl Gustaf Verner von Heidenstam,NA,male,http://masterdataapi.nobelprize.org/2/laureate/585,1859-07-06,Olshammar,Olshammar,Europe,Sweden,Sweden,"Olshammar, Sweden",1940-05-20,Övralid,Övralid,Europe,Sweden,Sweden,"Övralid, Sweden",NA,NA,NA,NA,NA,NA,NA,NA,NA,NA,Individual,Sweden,NA,NA,NA,NA,NA
1917,Literature,The Nobel Prize in  Literature,2,1/2,133823,3920596,1917-11-08,received,for his authentic descriptions of present-day life in Denmark,NA,https://masterdataapi.nobelprize.org/2/nobelPrize/lit/1917,587,Henrik Pontoppidan,Henrik Pontoppidan,Henrik,Pontoppidan,Henrik Pontoppidan,NA,male,http://masterdataapi.nobelprize.org/2/laureate/587,1857-07-24,Fredericia,Fredericia,Europe,Denmark,Denmark,"Fredericia, Denmark",1943-08-21,Ordrup,Ordrup,Europe,Denmark,Denmark,"Ordrup, Denmark",NA,NA,NA,NA,NA,NA,NA,NA,NA,NA,Individual,Denmark,NA,NA,NA,NA,NA
1917,Literature,The Nobel Prize in  Literature,1,1/2,133823,3920596,1917-11-08,received,"for his varied and rich poetry, which is inspired by lofty ideals",NA,https://masterdataapi.nobelprize.org/2/nobelPrize/lit/1917,586,Karl Gjellerup,Karl Gjellerup,Karl,Gjellerup,Karl Adolph Gjellerup,NA,male,http://masterdataapi.nobelprize.org/2/laureate/586,1857-06-02,Roholte,Roholte,Europe,Denmark,Denmark,"Roholte, Denmark",1919-10-11,Klotzsche,Klotzsche,Europe,Germany,Germany,"Klotzsche, Germany",NA,NA,NA,NA,NA,NA,NA,NA,NA,NA,Individual,Denmark,NA,NA,NA,NA,NA
1919,Literature,The Nobel Prize in  Literature,1,1,133127,2377268,NA,received,"in special appreciation of his epic, <I>Olympian Spring</I>",NA,https://masterdataapi.nobelprize.org/2/nobelPrize/lit/1919,588,Carl Spitteler,Carl Spitteler,Carl,Spitteler,Carl Friedrich Georg Spitteler,NA,male,http://masterdataapi.nobelprize.org/2/laureate/588,1845-04-24,Liestal,Liestal,Europe,Switzerland,Switzerland,"Liestal, Switzerland",1924-12-29,Lucerne,Lucerne,Europe,Switzerland,Switzerland,"Lucerne, Switzerland",NA,NA,NA,NA,NA,NA,NA,NA,NA,NA,Individual,Switzerland,NA,NA,NA,NA,NA
1920,Literature,The Nobel Prize in  Literature,1,1,134100,2394643,NA,received,"for his monumental work, <I>Growth of the Soil</I>",NA,https://masterdataapi.nobelprize.org/2/nobelPrize/lit/1920,589,Knut Hamsun,Knut Hamsun,Knut,Hamsun,Knut Pedersen Hamsun,NA,male,http://masterdataapi.nobelprize.org/2/laureate/589,1859-08-04,Lom,Lom,Europe,Norway,Norway,"Lom, Norway",1952-02-19,Grimstad,Grimstad,Europe,Norway,Norway,"Grimstad, Norway",NA,NA,NA,NA,NA,NA,NA,NA,NA,NA,Individual,Norway,NA,NA,NA,NA,NA
1921,Literature,The Nobel Prize in  Literature,1,1,121573,2532771,NA,received,"in recognition of his brilliant literary achievements, characterized as they are by a nobility of style, a profound human sympathy, grace, and a true Gallic temperament",NA,https://masterdataapi.nobelprize.org/2/nobelPrize/lit/1921,590,Anatole France,Anatole France,Anatole,France,Anatole France,(pen-name of Jacques Anatole Thibault),male,http://masterdataapi.nobelprize.org/2/laureate/590,1844-04-16,Paris,Paris,Europe,France,France,"Paris, France",1924-10-12,Saint-Cyr-sur-Loire,Saint-Cyr-sur-Loire,Europe,France,France,"Saint-Cyr-sur-Loire, France",NA,NA,NA,NA,NA,NA,NA,NA,NA,NA,Individual,France,NA,NA,NA,NA,NA
1922,Literature,The Nobel Prize in  Literature,1,1,122483,3145967,NA,received,for the happy manner in which he has continued the illustrious traditions of the Spanish drama,NA,https://masterdataapi.nobelprize.org/2/nobelPrize/lit/1922,592,Jacinto Benavente,Jacinto Benavente,Jacinto,Benavente,Jacinto Benavente,NA,male,http://masterdataapi.nobelprize.org/2/laureate/592,1866-08-12,Madrid,Madrid,Europe,Spain,Spain,"Madrid, Spain",1954-07-14,Madrid,Madrid,Europe,Spain,Spain,"Madrid, Spain",NA,NA,NA,NA,NA,NA,NA,NA,NA,NA,Individual,Spain,NA,NA,NA,NA,NA
1923,Literature,The Nobel Prize in  Literature,1,1,114935,3169164,NA,received,"for his always inspired poetry, which in a highly artistic form gives expression to the spirit of a whole nation",NA,https://masterdataapi.nobelprize.org/2/nobelPrize/lit/1923,593,William Butler Yeats,William Butler Yeats,William Butler,Yeats,William Butler Yeats,NA,male,http://masterdataapi.nobelprize.org/2/laureate/593,1865-06-13,Dublin,Dublin,Europe,Ireland,Ireland,"Dublin, Ireland",1939-01-28,Roquebrune-Cap-Martin,Roquebrune-Cap-Martin,Europe,France,France,"Roquebrune-Cap-Martin, France",NA,NA,NA,NA,NA,NA,NA,NA,NA,NA,Individual,Ireland,NA,NA,NA,NA,NA
1924,Literature,The Nobel Prize in  Literature,1,1,116719,3218355,NA,received,"for his great national epic, <I>The Peasants</I>",NA,https://masterdataapi.nobelprize.org/2/nobelPrize/lit/1924,594,Wladyslaw Reymont,Wladyslaw Reymont,Wladyslaw,Reymont,Wladyslaw Stanislaw Reymont,(pen-name of Rejment),male,http://masterdataapi.nobelprize.org/2/laureate/594,1867-05-07,Kobiele Wielkie,Kobiele Wielkie,Europe,Russian Empire,Poland,"Kobiele Wielkie, Russian Empire (now Poland)",1925-12-05,Warsaw,Warsaw,Europe,Poland,Poland,"Warsaw, Poland",NA,NA,NA,NA,NA,NA,NA,NA,NA,NA,Individual,Poland,NA,NA,NA,NA,NA
1925,Literature,The Nobel Prize in  Literature,1,1,118165,3211005,NA,received,"for his work which is marked by both idealism and humanity, its stimulating satire often being infused with a singular poetic beauty",NA,https://masterdataapi.nobelprize.org/2/nobelPrize/lit/1925,596,George Bernard Shaw,George Bernard Shaw,George Bernard,Shaw,George Bernard Shaw,NA,male,http://masterdataapi.nobelprize.org/2/laureate/596,1856-07-26,Dublin,Dublin,Europe,Ireland,Ireland,"Dublin, Ireland",1950-11-02,Ayot St. Lawrence,Ayot St. Lawrence,Europe,United Kingdom,United Kingdom,"Ayot St. Lawrence, United Kingdom",NA,NA,NA,NA,NA,NA,NA,NA,NA,NA,Individual,United Kingdom,NA,NA,NA,NA,NA
1926,Literature,The Nobel Prize in  Literature,1,1,116960,3273134,NA,received,for her idealistically inspired writings which with plastic clarity picture the life on her native island and with depth and sympathy deal with human problems in general,NA,https://masterdataapi.nobelprize.org/2/nobelPrize/lit/1926,597,Grazia Deledda,Grazia Deledda,Grazia,Deledda,Grazia Deledda,"(pen-name of Grazia Madesani, née Deledda)",female,http://masterdataapi.nobelprize.org/2/laureate/597,1871-09-27,"Nuoro, Sardinia","Nuoro, Sardinia",Europe,Italy,Italy,"Nuoro, Sardinia, Italy",1936-08-15,Rome,Rome,Europe,Italy,Italy,"Rome, Italy",NA,NA,NA,NA,NA,NA,NA,NA,NA,NA,Individual,Italy,NA,NA,NA,NA,NA
1927,Literature,The Nobel Prize in  Literature,1,1,126501,3593778,NA,received,in recognition of his rich and vitalizing ideas and the brilliant skill with which they have been presented,NA,https://masterdataapi.nobelprize.org/2/nobelPrize/lit/1927,600,Henri Bergson,Henri Bergson,Henri,Bergson,Henri Bergson,NA,male,http://masterdataapi.nobelprize.org/2/laureate/600,1859-10-18,Paris,Paris,Europe,France,France,"Paris, France",1941-01-04,Paris,Paris,Europe,France,France,"Paris, France",NA,NA,NA,NA,NA,NA,NA,NA,NA,NA,Individual,France,NA,NA,NA,NA,NA
1928,Literature,The Nobel Prize in  Literature,1,1,156939,4458494,NA,received,principally for her powerful descriptions of Northern life during the Middle Ages,NA,https://masterdataapi.nobelprize.org/2/nobelPrize/lit/1928,601,Sigrid Undset,Sigrid Undset,Sigrid,Undset,Sigrid Undset,NA,female,http://masterdataapi.nobelprize.org/2/laureate/601,1882-05-20,Kalundborg,Kalundborg,Europe,Denmark,Denmark,"Kalundborg, Denmark",1949-06-10,Lillehammer,Lillehammer,Europe,Norway,Norway,"Lillehammer, Norway",NA,NA,NA,NA,NA,NA,NA,NA,NA,NA,Individual,Norway,NA,NA,NA,NA,NA
1929,Literature,The Nobel Prize in  Literature,1,1,172760,4907955,NA,received,"principally for his great novel, <I>Buddenbrooks</I>, which has won steadily increased recognition as one of the classic works of contemporary literature",NA,https://masterdataapi.nobelprize.org/2/nobelPrize/lit/1929,602,Thomas Mann,Thomas Mann,Thomas,Mann,Thomas Mann,NA,male,http://masterdataapi.nobelprize.org/2/laureate/602,1875-06-06,Lübeck,Lübeck,Europe,Germany,Germany,"Lübeck, Germany",1955-08-12,Zurich,Zurich,Europe,Switzerland,Switzerland,"Zurich, Switzerland",NA,NA,NA,NA,NA,NA,NA,NA,NA,NA,Individual,Germany,NA,NA,NA,NA,NA
1930,Literature,The Nobel Prize in  Literature,1,1,172947,5066807,NA,received,"for his vigorous and graphic art of description and his ability to create, with wit and humour, new types of characters",NA,https://masterdataapi.nobelprize.org/2/nobelPrize/lit/1930,603,Sinclair Lewis,Sinclair Lewis,Sinclair,Lewis,Sinclair Lewis,NA,male,http://masterdataapi.nobelprize.org/2/laureate/603,1885-02-07,"Sauk Centre, MN","Sauk Centre, MN",North America,USA,USA,"Sauk Centre, MN, USA",1951-01-10,Rome,Rome,Europe,Italy,Italy,"Rome, Italy",NA,NA,NA,NA,NA,NA,NA,NA,NA,NA,Individual,USA,NA,NA,NA,NA,NA
1931,Literature,The Nobel Prize in  Literature,1,1,173206,5238085,NA,received,The poetry of Erik Axel Karlfeldt,NA,https://masterdataapi.nobelprize.org/2/nobelPrize/lit/1931,604,Erik Axel Karlfeldt,Erik Axel Karlfeldt,Erik Axel,Karlfeldt,Erik Axel Karlfeldt,NA,male,http://masterdataapi.nobelprize.org/2/laureate/604,1864-07-20,Karlbo,Karlbo,Europe,Sweden,Sweden,"Karlbo, Sweden",1931-04-08,Stockholm,Stockholm,Europe,Sweden,Sweden,"Stockholm, Sweden",NA,NA,NA,NA,NA,NA,NA,NA,NA,NA,Individual,Sweden,NA,NA,NA,NA,NA
1932,Literature,The Nobel Prize in  Literature,1,1,171753,5279293,NA,received,for his distinguished art of narration which takes its highest form in <I>The Forsyte Saga</I>,NA,https://masterdataapi.nobelprize.org/2/nobelPrize/lit/1932,605,John Galsworthy,John Galsworthy,John,Galsworthy,John Galsworthy,NA,male,http://masterdataapi.nobelprize.org/2/laureate/605,1867-08-14,Kingston Hill,Kingston Hill,Europe,United Kingdom,United Kingdom,"Kingston Hill, United Kingdom",1933-01-31,London,London,Europe,United Kingdom,United Kingdom,"London, United Kingdom",NA,NA,NA,NA,NA,NA,NA,NA,NA,NA,Individual,United Kingdom,NA,NA,NA,NA,NA
1933,Literature,The Nobel Prize in  Literature,1,1,170332,5413093,NA,received,for the strict artistry with which he has carried on the classical Russian traditions in prose writing,NA,https://masterdataapi.nobelprize.org/2/nobelPrize/lit/1933,606,Ivan Bunin,Ivan Bunin,Ivan,Bunin,Ivan Alekseyevich Bunin,NA,male,http://masterdataapi.nobelprize.org/2/laureate/606,1870-10-22,Voronezh,Voronezh,Europe,Russia,Russia,"Voronezh, Russia",1953-11-08,Paris,Paris,Europe,France,France,"Paris, France",NA,NA,NA,NA,NA,NA,NA,NA,NA,NA,Individual,NA,NA,NA,NA,NA,NA
1934,Literature,The Nobel Prize in  Literature,1,1,162608,5167627,NA,received,for his bold and ingenious revival of dramatic and scenic art,NA,https://masterdataapi.nobelprize.org/2/nobelPrize/lit/1934,607,Luigi Pirandello,Luigi Pirandello,Luigi,Pirandello,Luigi Pirandello,NA,male,http://masterdataapi.nobelprize.org/2/laureate/607,1867-06-28,"Agrigento, Sicily","Agrigento, Sicily",Europe,Italy,Italy,"Agrigento, Sicily, Italy",1936-12-10,Rome,Rome,Europe,Italy,Italy,"Rome, Italy",NA,NA,NA,NA,NA,NA,NA,NA,NA,NA,Individual,Italy,NA,NA,NA,NA,NA
1936,Literature,The Nobel Prize in  Literature,1,1,159850,4913422,NA,received,"for the power, honesty and deep-felt emotions of his dramatic works, which embody an original concept of tragedy",NA,https://masterdataapi.nobelprize.org/2/nobelPrize/lit/1936,608,Eugene O'Neill,Eugene O'Neill,Eugene,O'Neill,Eugene Gladstone O'Neill,NA,male,http://masterdataapi.nobelprize.org/2/laureate/608,1888-10-16,"New York, NY","New York, NY",North America,USA,USA,"New York, NY, USA",1953-11-27,"Boston, MA","Boston, MA",North America,USA,USA,"Boston, MA, USA",NA,NA,NA,NA,NA,NA,NA,NA,NA,NA,Individual,USA,NA,NA,NA,NA,NA
1937,Literature,The Nobel Prize in  Literature,1,1,158463,4716161,NA,received,for the artistic power and truth with which he has depicted human conflict as well as some fundamental aspects of contemporary life in his novel-cycle <I>Les Thibault</I>,NA,https://masterdataapi.nobelprize.org/2/nobelPrize/lit/1937,609,Roger Martin du Gard,Roger Martin du Gard,Roger,Martin du Gard,Roger Martin du Gard,NA,male,http://masterdataapi.nobelprize.org/2/laureate/609,1881-03-23,Neuilly-sur-Seine,Neuilly-sur-Seine,Europe,France,France,"Neuilly-sur-Seine, France",1958-08-22,Bellême,Bellême,Europe,France,France,"Bellême, France",NA,NA,NA,NA,NA,NA,NA,NA,NA,NA,Individual,France,NA,NA,NA,NA,NA
1938,Literature,The Nobel Prize in  Literature,1,1,155077,4543271,NA,received,for her rich and truly epic descriptions of peasant life in China and for her biographical masterpieces,NA,https://masterdataapi.nobelprize.org/2/nobelPrize/lit/1938,610,Pearl Buck,Pearl Buck,Pearl,Buck,Pearl Buck,"(pen-name of Pearl Walsh, née Sydenstricker)",female,http://masterdataapi.nobelprize.org/2/laureate/610,1892-06-26,"Hillsboro, WV","Hillsboro, WV",North America,USA,USA,"Hillsboro, WV, USA",1973-03-06,"Danby, VT","Danby, VT",North America,USA,USA,"Danby, VT, USA",NA,NA,NA,NA,NA,NA,NA,NA,NA,NA,Individual,USA,NA,NA,NA,NA,NA
1939,Literature,The Nobel Prize in  Literature,1,1,148822,4227898,NA,received,for his deep understanding of his country's peasantry and the exquisite art with which he has portrayed their way of life and their relationship with Nature,NA,https://masterdataapi.nobelprize.org/2/nobelPrize/lit/1939,613,Frans Eemil Sillanpää,Frans Eemil Sillanpää,Frans Eemil,Sillanpää,Frans Eemil Sillanpää,NA,male,http://masterdataapi.nobelprize.org/2/laureate/613,1888-09-16,Hämeenkyrö,Hämeenkyrö,Europe,Russian Empire,Finland,"Hämeenkyrö, Russian Empire (now Finland)",1964-06-03,Helsinki,Helsinki,Europe,Finland,Finland,"Helsinki, Finland",NA,NA,NA,NA,NA,NA,NA,NA,NA,NA,Individual,Finland,NA,NA,NA,NA,NA
1944,Literature,The Nobel Prize in  Literature,1,1,121841,2510460,NA,received,"for the rare strength and fertility of his poetic imagination with which is combined an intellectual curiosity of wide scope and a bold, freshly creative style",NA,https://masterdataapi.nobelprize.org/2/nobelPrize/lit/1944,614,Johannes V. Jensen,Johannes V. Jensen,Johannes V.,Jensen,Johannes Vilhelm Jensen,NA,male,http://masterdataapi.nobelprize.org/2/laureate/614,1873-01-20,Farsø,Farsø,Europe,Denmark,Denmark,"Farsø, Denmark",1950-11-25,Copenhagen,Copenhagen,Europe,Denmark,Denmark,"Copenhagen, Denmark",NA,NA,NA,NA,NA,NA,NA,NA,NA,NA,Individual,Denmark,NA,NA,NA,NA,NA
1945,Literature,The Nobel Prize in  Literature,1,1,121333,2499993,NA,received,"for her lyric poetry which, inspired by powerful emotions, has made her name a symbol of the idealistic aspirations of the entire Latin American world",NA,https://masterdataapi.nobelprize.org/2/nobelPrize/lit/1945,615,Gabriela Mistral,Gabriela Mistral,Gabriela,Mistral,Gabriela Mistral,(pen-name of Lucila Godoy y Alcayaga),female,http://masterdataapi.nobelprize.org/2/laureate/615,1889-04-07,Vicuña,Vicuña,South America,Chile,Chile,"Vicuña, Chile",1957-01-10,"Hempstead, NY","Hempstead, NY",North America,USA,USA,"Hempstead, NY, USA",NA,NA,NA,NA,NA,NA,NA,NA,NA,NA,Individual,Chile,NA,NA,NA,NA,NA
1946,Literature,The Nobel Prize in  Literature,1,1,121524,2503929,NA,received,"for his inspired writings which, while growing in boldness and penetration, exemplify the classical humanitarian ideals and high qualities of style",NA,https://masterdataapi.nobelprize.org/2/nobelPrize/lit/1946,617,Hermann Hesse,Hermann Hesse,Hermann,Hesse,Hermann Hesse,NA,male,http://masterdataapi.nobelprize.org/2/laureate/617,1877-07-02,Calw,Calw,Europe,Germany,Germany,"Calw, Germany",1962-08-09,Montagnola,Montagnola,Europe,Switzerland,Switzerland,"Montagnola, Switzerland",NA,NA,NA,NA,NA,NA,NA,NA,NA,NA,Individual,Switzerland,NA,NA,NA,NA,NA
1947,Literature,The Nobel Prize in  Literature,1,1,146115,2914528,NA,received,"for his comprehensive and artistically significant writings, in which human problems and conditions have been presented with a fearless love of truth and keen psychological insight",NA,https://masterdataapi.nobelprize.org/2/nobelPrize/lit/1947,618,André Gide,André Gide,André,Gide,André Paul Guillaume Gide,NA,male,http://masterdataapi.nobelprize.org/2/laureate/618,1869-11-22,Paris,Paris,Europe,France,France,"Paris, France",1951-02-19,Paris,Paris,Europe,France,France,"Paris, France",NA,NA,NA,NA,NA,NA,NA,NA,NA,NA,Individual,France,NA,NA,NA,NA,NA
1948,Literature,The Nobel Prize in  Literature,1,1,159773,3056881,NA,received,"for his outstanding, pioneer contribution to present-day poetry",NA,https://masterdataapi.nobelprize.org/2/nobelPrize/lit/1948,619,T.S. Eliot,T.S. Eliot,T.S.,Eliot,Thomas Stearns Eliot,NA,male,http://masterdataapi.nobelprize.org/2/laureate/619,1888-09-26,"St. Louis, MO","St. Louis, MO",North America,USA,USA,"St. Louis, MO, USA",1965-01-04,London,London,Europe,United Kingdom,United Kingdom,"London, United Kingdom",NA,NA,NA,NA,NA,NA,NA,NA,NA,NA,Individual,United Kingdom,NA,NA,NA,NA,NA
1949,Literature,The Nobel Prize in  Literature,1,1,156290,2930438,NA,received,for his powerful and artistically unique contribution to the modern American novel,NA,https://masterdataapi.nobelprize.org/2/nobelPrize/lit/1949,620,William Faulkner,William Faulkner,William,Faulkner,William Faulkner,NA,male,http://masterdataapi.nobelprize.org/2/laureate/620,1897-09-25,"New Albany, MS","New Albany, MS",North America,USA,USA,"New Albany, MS, USA",1962-07-06,"Byhalia, MS","Byhalia, MS",North America,USA,USA,"Byhalia, MS, USA",NA,NA,NA,NA,NA,NA,NA,NA,NA,NA,Individual,USA,NA,NA,NA,NA,NA
1950,Literature,The Nobel Prize in  Literature,1,1,164304,3050198,NA,received,in recognition of his varied and significant writings in which he champions humanitarian ideals and freedom of thought,NA,https://masterdataapi.nobelprize.org/2/nobelPrize/lit/1950,621,Bertrand Russell,Bertrand Russell,Bertrand,Russell,Earl (Bertrand Arthur William) Russell,NA,male,http://masterdataapi.nobelprize.org/2/laureate/621,1872-05-18,Trelleck,Trelleck,Europe,United Kingdom,United Kingdom,"Trelleck, United Kingdom",1970-02-02,Penrhyndeudraeth,Penrhyndeudraeth,Europe,United Kingdom,United Kingdom,"Penrhyndeudraeth, United Kingdom",NA,NA,NA,NA,NA,NA,NA,NA,NA,NA,Individual,United Kingdom,NA,NA,NA,NA,NA
1951,Literature,The Nobel Prize in  Literature,1,1,167612,2686090,NA,received,for the artistic vigour and true independence of mind with which he endeavours in his poetry to find answers to the eternal questions confronting mankind,NA,https://masterdataapi.nobelprize.org/2/nobelPrize/lit/1951,622,Pär Lagerkvist,Pär Lagerkvist,Pär,Lagerkvist,Pär Fabian Lagerkvist,NA,male,http://masterdataapi.nobelprize.org/2/laureate/622,1891-05-23,Växjö,Växjö,Europe,Sweden,Sweden,"Växjö, Sweden",1974-07-11,Stockholm,Stockholm,Europe,Sweden,Sweden,"Stockholm, Sweden",NA,NA,NA,NA,NA,NA,NA,NA,NA,NA,Individual,Sweden,NA,NA,NA,NA,NA
1952,Literature,The Nobel Prize in  Literature,1,1,171135,2546652,NA,received,for the deep spiritual insight and the artistic intensity with which he has in his novels penetrated the drama of human life,NA,https://masterdataapi.nobelprize.org/2/nobelPrize/lit/1952,623,François Mauriac,François Mauriac,François,Mauriac,François Mauriac,NA,male,http://masterdataapi.nobelprize.org/2/laureate/623,1885-10-11,Bordeaux,Bordeaux,Europe,France,France,"Bordeaux, France",1970-09-01,Paris,Paris,Europe,France,France,"Paris, France",NA,NA,NA,NA,NA,NA,NA,NA,NA,NA,Individual,France,NA,NA,NA,NA,NA
1953,Literature,The Nobel Prize in  Literature,1,1,175293,2567769,NA,received,for his mastery of historical and biographical description as well as for brilliant oratory in defending exalted human values,NA,https://masterdataapi.nobelprize.org/2/nobelPrize/lit/1953,624,Winston Churchill,Winston Churchill,Winston,Churchill,Sir Winston Leonard Spencer Churchill,NA,male,http://masterdataapi.nobelprize.org/2/laureate/624,1874-11-30,Woodstock,Woodstock,Europe,United Kingdom,United Kingdom,"Woodstock, United Kingdom",1965-01-24,London,London,Europe,United Kingdom,United Kingdom,"London, United Kingdom",NA,NA,NA,NA,NA,NA,NA,NA,NA,NA,Individual,United Kingdom,NA,NA,NA,NA,NA
1954,Literature,The Nobel Prize in  Literature,1,1,181647,2640218,NA,received,"for his mastery of the art of narrative, most recently demonstrated in <I>The Old Man and the Sea,</I> and for the influence that he has exerted on contemporary style",NA,https://masterdataapi.nobelprize.org/2/nobelPrize/lit/1954,625,Ernest Hemingway,Ernest Hemingway,Ernest,Hemingway,Ernest Miller Hemingway,NA,male,http://masterdataapi.nobelprize.org/2/laureate/625,1899-07-21,"Oak Park, IL","Oak Park, IL",North America,USA,USA,"Oak Park, IL, USA",1961-07-02,"Ketchum, ID","Ketchum, ID",North America,USA,USA,"Ketchum, ID, USA",NA,NA,NA,NA,NA,NA,NA,NA,NA,NA,Individual,USA,NA,NA,NA,NA,NA
1955,Literature,The Nobel Prize in  Literature,1,1,190214,2681588,1955-10-27,received,for his vivid epic power which has renewed the great narrative art of Iceland,NA,https://masterdataapi.nobelprize.org/2/nobelPrize/lit/1955,626,Halldór Laxness,Halldór Laxness,Halldór,Laxness,Halldór Kiljan Laxness,NA,male,http://masterdataapi.nobelprize.org/2/laureate/626,1902-04-23,Reykjavik,Reykjavik,Europe,Iceland,Iceland,"Reykjavik, Iceland",1998-02-08,Reykjavik,Reykjavik,Europe,Iceland,Iceland,"Reykjavik, Iceland",NA,NA,NA,NA,NA,NA,NA,NA,NA,NA,Individual,Iceland,NA,NA,NA,NA,NA
1956,Literature,The Nobel Prize in  Literature,1,1,200123,2699501,NA,received,"for his lyrical poetry, which in Spanish language constitutes an example of high spirit and artistical purity",NA,https://masterdataapi.nobelprize.org/2/nobelPrize/lit/1956,627,Juan Ramón Jiménez,Juan Ramón Jiménez,Juan Ramón,Jiménez,Juan Ramón Jiménez,NA,male,http://masterdataapi.nobelprize.org/2/laureate/627,1881-12-24,Moguer,Moguer,Europe,Spain,Spain,"Moguer, Spain",1958-05-29,San Juan,San Juan,North America,Puerto Rico,Puerto Rico,"San Juan, Puerto Rico",NA,NA,NA,NA,NA,NA,NA,NA,NA,NA,Individual,Spain,NA,NA,NA,NA,NA
1957,Literature,The Nobel Prize in  Literature,1,1,208629,2697789,NA,received,"for his important literary production, which with clear-sighted earnestness illuminates the problems of the human conscience in our times",NA,https://masterdataapi.nobelprize.org/2/nobelPrize/lit/1957,628,Albert Camus,Albert Camus,Albert,Camus,Albert Camus,NA,male,http://masterdataapi.nobelprize.org/2/laureate/628,1913-11-07,Mondovi,Mondovi,Africa,French Algeria,Algeria,"Mondovi, French Algeria (now Algeria)",1960-01-04,Sens,Sens,Europe,France,France,"Sens, France",NA,NA,NA,NA,NA,NA,NA,NA,NA,NA,Individual,France,NA,NA,NA,NA,NA
1958,Literature,The Nobel Prize in  Literature,1,1,214559,2646698,NA,restricted,for his important achievement both in contemporary lyrical poetry and in the field of the great Russian epic tradition,NA,https://masterdataapi.nobelprize.org/2/nobelPrize/lit/1958,629,Boris Pasternak,Boris Pasternak,Boris,Pasternak,Boris Leonidovich Pasternak,NA,male,http://masterdataapi.nobelprize.org/2/laureate/629,1890-02-10,Moscow,Moscow,Europe,Russia,Russia,"Moscow, Russia",1960-05-30,Peredelkino,Peredelkino,Europe,Russia,Russia,"Peredelkino, Russia",NA,NA,NA,NA,NA,NA,NA,NA,NA,NA,Individual,USSR (now Russia),NA,NA,NA,NA,NA
1959,Literature,The Nobel Prize in  Literature,1,1,220678,2704387,NA,received,"for his lyrical poetry, which with classical fire expresses the tragic experience of life in our own times",NA,https://masterdataapi.nobelprize.org/2/nobelPrize/lit/1959,630,Salvatore Quasimodo,Salvatore Quasimodo,Salvatore,Quasimodo,Salvatore Quasimodo,NA,male,http://masterdataapi.nobelprize.org/2/laureate/630,1901-08-20,Modica,Modica,Europe,Italy,Italy,"Modica, Italy",1968-06-14,Naples,Naples,Europe,Italy,Italy,"Naples, Italy",NA,NA,NA,NA,NA,NA,NA,NA,NA,NA,Individual,Italy,NA,NA,NA,NA,NA
1960,Literature,The Nobel Prize in  Literature,1,1,225987,2664941,1960-10-26,received,for the soaring flight and the evocative imagery of his poetry which in a visionary fashion reflects the conditions of our time,NA,https://masterdataapi.nobelprize.org/2/nobelPrize/lit/1960,631,Saint-John Perse,Saint-John Perse,Saint-John,Perse,Saint-John Perse,(pen-name of Alexis Léger),male,http://masterdataapi.nobelprize.org/2/laureate/631,1887-05-31,Pointe-à-Pitre,Pointe-à-Pitre,North America,Guadeloupe Island,Guadeloupe Island,"Pointe-à-Pitre, Guadeloupe Island",1975-09-20,Presqu'île-de-Giens,Presqu'île-de-Giens,Europe,France,France,"Presqu'île-de-Giens, France",NA,NA,NA,NA,NA,NA,NA,NA,NA,NA,Individual,France,NA,NA,NA,NA,NA
1961,Literature,The Nobel Prize in  Literature,1,1,250233,2878447,NA,received,for the epic force with which he has traced themes and depicted human destinies drawn from the history of his country,NA,https://masterdataapi.nobelprize.org/2/nobelPrize/lit/1961,633,Ivo Andric,Ivo Andric,Ivo,Andric,Ivo Andric,NA,male,http://masterdataapi.nobelprize.org/2/laureate/633,1892-10-10,Dolac,Dolac,Europe,Bosnia,Bosnia and Herzegovina,"Dolac, Bosnia (now Bosnia and Herzegovina)",1975-03-13,Belgrade,Belgrade,Europe,Yugoslavia,Serbia,"Belgrade, Yugoslavia (now Serbia)",NA,NA,NA,NA,NA,NA,NA,NA,NA,NA,Individual,Yugoslavia (now N/A),NA,NA,NA,NA,NA
1962,Literature,The Nobel Prize in  Literature,1,1,257220,2836985,NA,received,"for his realistic and imaginative writings, combining as they do sympathetic humour and keen social perception",NA,https://masterdataapi.nobelprize.org/2/nobelPrize/lit/1962,634,John Steinbeck,John Steinbeck,John,Steinbeck,John Steinbeck,NA,male,http://masterdataapi.nobelprize.org/2/laureate/634,1902-02-27,"Salinas, CA","Salinas, CA",North America,USA,USA,"Salinas, CA, USA",1968-12-20,"New York, NY","New York, NY",North America,USA,USA,"New York, NY, USA",NA,NA,NA,NA,NA,NA,NA,NA,NA,NA,Individual,USA,NA,NA,NA,NA,NA
1963,Literature,The Nobel Prize in  Literature,1,1,265000,2839286,NA,received,"for his eminent lyrical writing, inspired by a deep feeling for the Hellenic world of culture",NA,https://masterdataapi.nobelprize.org/2/nobelPrize/lit/1963,635,Giorgos Seferis,Giorgos Seferis,Giorgos,Seferis,Giorgos Seferis,(pen-name of Giorgos Seferiadis),male,http://masterdataapi.nobelprize.org/2/laureate/635,1900-03-13,Smyrna,Izmir,Asia,Ottoman Empire,Turkey,"Smyrna, Ottoman Empire (now Izmir, Turkey)",1971-09-20,Athens,Athens,Europe,Greece,Greece,"Athens, Greece",NA,NA,NA,NA,NA,NA,NA,NA,NA,NA,Individual,Greece,NA,NA,NA,NA,NA
1964,Literature,The Nobel Prize in  Literature,1,1,273000,2828039,NA,declined,"for his work which, rich in ideas and filled with the spirit of freedom and the quest for truth, has exerted a far-reaching influence on our age",NA,https://masterdataapi.nobelprize.org/2/nobelPrize/lit/1964,637,Jean-Paul Sartre,Jean-Paul Sartre,Jean-Paul,Sartre,Jean-Paul Sartre,NA,male,http://masterdataapi.nobelprize.org/2/laureate/637,1905-06-21,Paris,Paris,Europe,France,France,"Paris, France",1980-04-15,Paris,Paris,Europe,France,France,"Paris, France",NA,NA,NA,NA,NA,NA,NA,NA,NA,NA,Individual,France,NA,NA,NA,NA,NA
1965,Literature,The Nobel Prize in  Literature,1,1,282000,2782895,NA,received,"for the artistic power and integrity with which, in his epic of the Don, he has given expression to a historic phase in the life of the Russian people",NA,https://masterdataapi.nobelprize.org/2/nobelPrize/lit/1965,638,Mikhail Sholokhov,Mikhail Sholokhov,Mikhail,Sholokhov,Mikhail Aleksandrovich Sholokhov,NA,male,http://masterdataapi.nobelprize.org/2/laureate/638,1905-05-24,Veshenskaya,Veshenskaya,Europe,Russia,Russia,"Veshenskaya, Russia",1984-02-21,Veshenskaya,Veshenskaya,Europe,USSR,Russia,"Veshenskaya, USSR (now Russia)",NA,NA,NA,NA,NA,NA,NA,NA,NA,NA,Individual,USSR (now Russia),NA,NA,NA,NA,NA
1966,Literature,The Nobel Prize in  Literature,2,1/2,300000,2784653,NA,received,"for her outstanding lyrical and dramatic writing, which interprets Israel's destiny with touching strength",NA,https://masterdataapi.nobelprize.org/2/nobelPrize/lit/1966,640,Nelly Sachs,Nelly Sachs,Nelly,Sachs,Nelly Sachs,NA,female,http://masterdataapi.nobelprize.org/2/laureate/640,1891-12-10,Berlin,Berlin,Europe,Germany,Germany,"Berlin, Germany",1970-05-12,Stockholm,Stockholm,Europe,Sweden,Sweden,"Stockholm, Sweden",NA,NA,NA,NA,NA,NA,NA,NA,NA,NA,Individual,Sweden,NA,NA,NA,NA,NA
1966,Literature,The Nobel Prize in  Literature,1,1/2,300000,2784653,NA,received,for his profoundly characteristic narrative art with motifs from the life of the Jewish people,NA,https://masterdataapi.nobelprize.org/2/nobelPrize/lit/1966,639,Shmuel Agnon,Shmuel Agnon,Shmuel,Agnon,Shmuel Yosef Agnon,NA,male,http://masterdataapi.nobelprize.org/2/laureate/639,1888-07-17,Buczacz,Buchach,Europe,Austria-Hungary,Ukraine,"Buczacz, Austria-Hungary (now Buchach, Ukraine)",1970-02-17,Rehovot,Rehovot,Asia,Israel,Israel,"Rehovot, Israel",NA,NA,NA,NA,NA,NA,NA,NA,NA,NA,Individual,Israel,NA,NA,NA,NA,NA
1967,Literature,The Nobel Prize in  Literature,1,1,320000,2843602,NA,received,"for his vivid literary achievement, deep-rooted in the national traits and traditions of Indian peoples of Latin America",NA,https://masterdataapi.nobelprize.org/2/nobelPrize/lit/1967,641,Miguel Angel Asturias,Miguel Angel Asturias,Miguel Angel,Asturias,Miguel Angel Asturias,NA,male,http://masterdataapi.nobelprize.org/2/laureate/641,1899-10-19,Guatemala City,Guatemala City,North America,Guatemala,Guatemala,"Guatemala City, Guatemala",1974-06-09,Madrid,Madrid,Europe,Spain,Spain,"Madrid, Spain",NA,NA,NA,NA,NA,NA,NA,NA,NA,NA,Individual,Guatemala,NA,NA,NA,NA,NA
1968,Literature,The Nobel Prize in  Literature,1,1,350000,3052326,NA,received,"for his narrative mastery, which with great sensibility expresses the essence of the Japanese mind",NA,https://masterdataapi.nobelprize.org/2/nobelPrize/lit/1968,642,Yasunari Kawabata,Yasunari Kawabata,Yasunari,Kawabata,Yasunari Kawabata,NA,male,http://masterdataapi.nobelprize.org/2/laureate/642,1899-06-11,Osaka,Osaka,Asia,Japan,Japan,"Osaka, Japan",1972-04-16,Zushi,Zushi,Asia,Japan,Japan,"Zushi, Japan",NA,NA,NA,NA,NA,NA,NA,NA,NA,NA,Individual,Japan,NA,NA,NA,NA,NA
1969,Literature,The Nobel Prize in  Literature,1,1,375000,3181561,NA,received,"for his writing, which - in new forms for the novel and drama - in the destitution of modern man acquires its elevation",NA,https://masterdataapi.nobelprize.org/2/nobelPrize/lit/1969,643,Samuel Beckett,Samuel Beckett,Samuel,Beckett,Samuel Beckett,NA,male,http://masterdataapi.nobelprize.org/2/laureate/643,1906-04-13,Dublin,Dublin,Europe,Ireland,Ireland,"Dublin, Ireland",1989-12-22,Paris,Paris,Europe,France,France,"Paris, France",NA,NA,NA,NA,NA,NA,NA,NA,NA,NA,Individual,Ireland,NA,NA,NA,NA,NA
1970,Literature,The Nobel Prize in  Literature,1,1,400000,3177966,1970-10-08,received,for the ethical force with which he has pursued the indispensable traditions of Russian literature,NA,https://masterdataapi.nobelprize.org/2/nobelPrize/lit/1970,644,Alexandr Solzhenitsyn,Alexandr Solzhenitsyn,Alexandr,Solzhenitsyn,Aleksandr Isayevich Solzhenitsyn,NA,male,http://masterdataapi.nobelprize.org/2/laureate/644,1918-12-11,Kislovodsk,Kislovodsk,Europe,Russia,Russia,"Kislovodsk, Russia",2008-08-03,Troitse-Lykovo,Troitse-Lykovo,Europe,Russia,Russia,"Troitse-Lykovo, Russia",NA,NA,NA,NA,NA,NA,NA,NA,NA,NA,Individual,USSR (now Russia),NA,NA,NA,NA,NA
1971,Literature,The Nobel Prize in  Literature,1,1,450000,3321850,NA,received,for a poetry that with the action of an elemental force brings alive a continent's destiny and dreams,NA,https://masterdataapi.nobelprize.org/2/nobelPrize/lit/1971,645,Pablo Neruda,Pablo Neruda,Pablo,Neruda,Pablo Neruda,(pen-name of Neftalí Ricardo Reyes Basoalto),male,http://masterdataapi.nobelprize.org/2/laureate/645,1904-07-12,Parral,Parral,South America,Chile,Chile,"Parral, Chile",1973-09-23,Santiago,Santiago,South America,Chile,Chile,"Santiago, Chile",NA,NA,NA,NA,NA,NA,NA,NA,NA,NA,Individual,Chile,NA,NA,NA,NA,NA
1972,Literature,The Nobel Prize in  Literature,1,1,480000,3345725,NA,received,for his writing which through its combination of a broad perspective on his time and a sensitive skill in characterization has contributed to a renewal of German literature,NA,https://masterdataapi.nobelprize.org/2/nobelPrize/lit/1972,647,Heinrich Böll,Heinrich Böll,Heinrich,Böll,Heinrich Böll,NA,male,http://masterdataapi.nobelprize.org/2/laureate/647,1917-12-21,Cologne,Cologne,Europe,Germany,Germany,"Cologne, Germany",1985-07-16,Bornheim-Merten,Bornheim-Merten,Europe,West Germany,Germany,"Bornheim-Merten, West Germany (now Germany)",NA,NA,NA,NA,NA,NA,NA,NA,NA,NA,Individual,Germany,NA,NA,NA,NA,NA
1973,Literature,The Nobel Prize in  Literature,1,1,510000,3331882,NA,received,for an epic and psychological narrative art which has introduced a new continent into literature,NA,https://masterdataapi.nobelprize.org/2/nobelPrize/lit/1973,648,Patrick White,Patrick White,Patrick,White,Patrick White,NA,male,http://masterdataapi.nobelprize.org/2/laureate/648,1912-05-28,London,London,Europe,United Kingdom,United Kingdom,"London, United Kingdom",1990-09-30,Sydney,Sydney,Oceania,Australia,Australia,"Sydney, Australia",NA,NA,NA,NA,NA,NA,NA,NA,NA,NA,Individual,Australia,NA,NA,NA,NA,NA
1974,Literature,The Nobel Prize in  Literature,1,1/2,550000,3263449,NA,received,"for a narrative art, far-seeing in lands and ages, in the service of freedom",NA,https://masterdataapi.nobelprize.org/2/nobelPrize/lit/1974,649,Eyvind Johnson,Eyvind Johnson,Eyvind,Johnson,Eyvind Johnson,NA,male,http://masterdataapi.nobelprize.org/2/laureate/649,1900-07-29,Svartbjörnsbyn,Svartbjörnsbyn,Europe,Sweden,Sweden,"Svartbjörnsbyn, Sweden",1976-08-25,Stockholm,Stockholm,Europe,Sweden,Sweden,"Stockholm, Sweden",NA,NA,NA,NA,NA,NA,NA,NA,NA,NA,Individual,Sweden,NA,NA,NA,NA,NA
1974,Literature,The Nobel Prize in  Literature,2,1/2,550000,3263449,NA,received,for writings that catch the dewdrop and reflect the cosmos,NA,https://masterdataapi.nobelprize.org/2/nobelPrize/lit/1974,650,Harry Martinson,Harry Martinson,Harry,Martinson,Harry Martinson,NA,male,http://masterdataapi.nobelprize.org/2/laureate/650,1904-05-06,Jämshög,Jämshög,Europe,Sweden,Sweden,"Jämshög, Sweden",1978-02-11,Stockholm,Stockholm,Europe,Sweden,Sweden,"Stockholm, Sweden",NA,NA,NA,NA,NA,NA,NA,NA,NA,NA,Individual,Sweden,NA,NA,NA,NA,NA
1975,Literature,The Nobel Prize in  Literature,1,1,630000,3404179,1975-10-23,received,"for his distinctive poetry which, with great artistic sensitivity, has interpreted human values under the sign of an outlook on life with no illusions",NA,https://masterdataapi.nobelprize.org/2/nobelPrize/lit/1975,651,Eugenio Montale,Eugenio Montale,Eugenio,Montale,Eugenio Montale,NA,male,http://masterdataapi.nobelprize.org/2/laureate/651,1896-10-12,Genoa,Genoa,Europe,Italy,Italy,"Genoa, Italy",1981-09-12,Milan,Milan,Europe,Italy,Italy,"Milan, Italy",NA,NA,NA,NA,NA,NA,NA,NA,NA,NA,Individual,Italy,NA,NA,NA,NA,NA
1976,Literature,The Nobel Prize in  Literature,1,1,681000,3342605,NA,received,for the human understanding and subtle analysis of contemporary culture that are combined in his work,NA,https://masterdataapi.nobelprize.org/2/nobelPrize/lit/1976,652,Saul Bellow,Saul Bellow,Saul,Bellow,Saul Bellow,NA,male,http://masterdataapi.nobelprize.org/2/laureate/652,1915-06-10,Montreal,Montreal,North America,Canada,Canada,"Montreal, Canada",2005-04-05,"Brookline, MA","Brookline, MA",North America,USA,USA,"Brookline, MA, USA",NA,NA,NA,NA,NA,NA,NA,NA,NA,NA,Individual,USA,NA,NA,NA,NA,NA
1977,Literature,The Nobel Prize in  Literature,1,1,700000,3080986,NA,received,"for a creative poetic writing which illuminates man's condition in the cosmos and in present-day society, at the same time representing the great renewal of the traditions of Spanish poetry between the wars",NA,https://masterdataapi.nobelprize.org/2/nobelPrize/lit/1977,653,Vicente Aleixandre,Vicente Aleixandre,Vicente,Aleixandre,Vicente Aleixandre,NA,male,http://masterdataapi.nobelprize.org/2/laureate/653,1898-04-26,Sevilla,Sevilla,Europe,Spain,Spain,"Sevilla, Spain",1984-12-14,Madrid,Madrid,Europe,Spain,Spain,"Madrid, Spain",NA,NA,NA,NA,NA,NA,NA,NA,NA,NA,Individual,Spain,NA,NA,NA,NA,NA
1978,Literature,The Nobel Prize in  Literature,1,1,725000,2898454,NA,received,"for his impassioned narrative art which, with roots in a Polish-Jewish cultural tradition, brings universal human conditions to life",NA,https://masterdataapi.nobelprize.org/2/nobelPrize/lit/1978,654,Isaac Bashevis Singer,Isaac Bashevis Singer,Isaac Bashevis,Singer,Isaac Bashevis Singer,NA,male,http://masterdataapi.nobelprize.org/2/laureate/654,1904-07-14,Leoncin,Leoncin,Europe,Russian Empire,Poland,"Leoncin, Russian Empire (now Poland)",1991-07-24,"Surfside, FL","Surfside, FL",North America,USA,USA,"Surfside, FL, USA",NA,NA,NA,NA,NA,NA,NA,NA,NA,NA,Individual,USA,NA,NA,NA,NA,NA
1979,Literature,The Nobel Prize in  Literature,1,1,800000,2988048,NA,received,"for his poetry, which, against the background of Greek tradition, depicts with sensuous strength and intellectual clear-sightedness modern man's struggle for freedom and creativeness",NA,https://masterdataapi.nobelprize.org/2/nobelPrize/lit/1979,655,Odysseus Elytis,Odysseus Elytis,Odysseus,Elytis,Odysseus Elytis,(pen-name of Odysseus Alepoudhelis),male,http://masterdataapi.nobelprize.org/2/laureate/655,1911-11-02,Iráklion,Iráklion,Europe,Crete,Greece,"Iráklion, Crete (now Greece)",1996-03-18,Athens,Athens,Europe,Greece,Greece,"Athens, Greece",NA,NA,NA,NA,NA,NA,NA,NA,NA,NA,Individual,Greece,NA,NA,NA,NA,NA
1980,Literature,The Nobel Prize in  Literature,1,1,880000,2889667,NA,received,who with uncompromising clear-sightedness voices man's exposed condition in a world of severe conflicts,NA,https://masterdataapi.nobelprize.org/2/nobelPrize/lit/1980,657,Czeslaw Milosz,Czeslaw Milosz,Czeslaw,Milosz,Czeslaw Milosz,NA,male,http://masterdataapi.nobelprize.org/2/laureate/657,1911-06-30,Śeteniai,Śeteniai,Europe,Russian Empire,Lithuania,"Śeteniai, Russian Empire (now Lithuania)",2004-08-14,Kraków,Kraków,Europe,Poland,Poland,"Kraków, Poland",NA,NA,NA,NA,NA,NA,NA,NA,NA,NA,Individual,Poland,USA,NA,NA,NA,NA
1981,Literature,The Nobel Prize in  Literature,1,1,1000000,2929688,NA,received,"for writings marked by a broad outlook, a wealth of ideas and artistic power",NA,https://masterdataapi.nobelprize.org/2/nobelPrize/lit/1981,658,Elias Canetti,Elias Canetti,Elias,Canetti,Elias Canetti,NA,male,http://masterdataapi.nobelprize.org/2/laureate/658,1905-07-25,Ruse,Ruse,Europe,Bulgaria,Bulgaria,"Ruse, Bulgaria",1994-08-14,Zurich,Zurich,Europe,Switzerland,Switzerland,"Zurich, Switzerland",NA,NA,NA,NA,NA,NA,NA,NA,NA,NA,Individual,United Kingdom,NA,NA,NA,NA,NA
1982,Literature,The Nobel Prize in  Literature,1,1,1150000,3102518,NA,received,"for his novels and short stories, in which the fantastic and the realistic are combined in a richly composed world of imagination, reflecting a continent's life and conflicts",NA,https://masterdataapi.nobelprize.org/2/nobelPrize/lit/1982,659,Gabriel García Márquez,Gabriel García Márquez,Gabriel,García Márquez,Gabriel García Márquez,NA,male,http://masterdataapi.nobelprize.org/2/laureate/659,1927-03-06,Aracataca,Aracataca,South America,Colombia,Colombia,"Aracataca, Colombia",2014-04-17,Mexico City,Mexico City,North America,Mexico,Mexico,"Mexico City, Mexico",NA,NA,NA,NA,NA,NA,NA,NA,NA,NA,Individual,Mexico,NA,NA,NA,NA,NA
1983,Literature,The Nobel Prize in  Literature,1,1,1500000,3715324,NA,received,"for his novels which, with the perspicuity of realistic narrative art and the diversity and universality of myth, illuminate the human condition in the world of today",NA,https://masterdataapi.nobelprize.org/2/nobelPrize/lit/1983,660,William Golding,William Golding,William,Golding,William Golding,NA,male,http://masterdataapi.nobelprize.org/2/laureate/660,1911-09-19,St. Columb Minor,St. Columb Minor,Europe,United Kingdom,United Kingdom,"St. Columb Minor, United Kingdom",1993-06-19,Perranarworthal,Perranarworthal,Europe,United Kingdom,United Kingdom,"Perranarworthal, United Kingdom",NA,NA,NA,NA,NA,NA,NA,NA,NA,NA,Individual,United Kingdom,NA,NA,NA,NA,NA
1984,Literature,The Nobel Prize in  Literature,1,1,1650000,3782090,NA,received,"for his poetry which endowed with freshness, sensuality and rich inventiveness provides a liberating image of the indomitable spirit and versatility of man",NA,https://masterdataapi.nobelprize.org/2/nobelPrize/lit/1984,661,Jaroslav Seifert,Jaroslav Seifert,Jaroslav,Seifert,Jaroslav Seifert,NA,male,http://masterdataapi.nobelprize.org/2/laureate/661,1901-09-23,Prague,Prague,Europe,Austria-Hungary,Czech Republic,"Prague, Austria-Hungary (now Czech Republic)",1986-01-10,Prague,Prague,Europe,Czechoslovakia,Czech Republic,"Prague, Czechoslovakia (now Czech Republic)",NA,NA,NA,NA,NA,NA,NA,NA,NA,NA,Individual,Czechoslovakia (now Czech Republic),NA,NA,NA,NA,NA
1985,Literature,The Nobel Prize in  Literature,1,1,1800000,3843964,NA,received,who in his novel combines the poet's and the painter's creativeness with a deepened awareness of time in the depiction of the human condition,NA,https://masterdataapi.nobelprize.org/2/nobelPrize/lit/1985,662,Claude Simon,Claude Simon,Claude,Simon,Claude Simon,NA,male,http://masterdataapi.nobelprize.org/2/laureate/662,1913-10-10,Tananarive,Antananarivo,Africa,Madagascar,Madagascar,"Tananarive (now Antananarivo), Madagascar",2005-07-06,Paris,Paris,Europe,France,France,"Paris, France",NA,NA,NA,NA,NA,NA,NA,NA,NA,NA,Individual,France,NA,NA,NA,NA,NA
1986,Literature,The Nobel Prize in  Literature,1,1,2000000,4098361,NA,received,who in a wide cultural perspective and with poetic overtones fashions the drama of existence,NA,https://masterdataapi.nobelprize.org/2/nobelPrize/lit/1986,663,Wole Soyinka,Wole Soyinka,Wole,Soyinka,Wole Soyinka,NA,male,http://masterdataapi.nobelprize.org/2/laureate/663,1934-07-13,Abeokuta,Abeokuta,Africa,Nigeria,Nigeria,"Abeokuta, Nigeria",NA,NA,NA,NA,NA,NA,NA,NA,NA,NA,NA,NA,NA,NA,NA,NA,NA,Individual,Nigeria,NA,NA,NA,NA,NA
1987,Literature,The Nobel Prize in  Literature,1,1,2175000,4274764,NA,received,"for an all-embracing authorship, imbued with clarity of thought and poetic intensity",NA,https://masterdataapi.nobelprize.org/2/nobelPrize/lit/1987,664,Joseph Brodsky,Joseph Brodsky,Joseph,Brodsky,Joseph Brodsky,NA,male,http://masterdataapi.nobelprize.org/2/laureate/664,1940-05-24,Leningrad,St. Petersburg,Europe,USSR,Russia,"Leningrad, USSR (now St. Petersburg, Russia)",1996-01-28,"New York, NY","New York, NY",North America,USA,USA,"New York, NY, USA",NA,NA,NA,NA,NA,NA,NA,NA,NA,NA,Individual,USA,NA,NA,NA,NA,NA
1988,Literature,The Nobel Prize in  Literature,1,1,2500000,4645689,NA,received,"who, through works rich in nuance - now clear-sightedly realistic, now evocatively ambiguous - has formed an Arabian narrative art that applies to all mankind",NA,https://masterdataapi.nobelprize.org/2/nobelPrize/lit/1988,665,Naguib Mahfouz,Naguib Mahfouz,Naguib,Mahfouz,Naguib Mahfouz,NA,male,http://masterdataapi.nobelprize.org/2/laureate/665,1911-12-11,Cairo,Cairo,Africa,Egypt,Egypt,"Cairo, Egypt",2006-08-30,Cairo,Cairo,Africa,Egypt,Egypt,"Cairo, Egypt",NA,NA,NA,NA,NA,NA,NA,NA,NA,NA,Individual,Egypt,NA,NA,NA,NA,NA
1989,Literature,The Nobel Prize in  Literature,1,1,3000000,5242311,NA,received,"for a rich and intensive prose, which with restrained compassion forms a challenging vision of man's vulnerability",NA,https://masterdataapi.nobelprize.org/2/nobelPrize/lit/1989,666,Camilo José Cela,Camilo José Cela,Camilo José,Cela,Camilo José Cela,NA,male,http://masterdataapi.nobelprize.org/2/laureate/666,1916-05-11,Iria Flavia,Iria Flavia,Europe,Spain,Spain,"Iria Flavia, Spain",2002-01-17,Madrid,Madrid,Europe,Spain,Spain,"Madrid, Spain",NA,NA,NA,NA,NA,NA,NA,NA,NA,NA,Individual,Spain,NA,NA,NA,NA,NA
1990,Literature,The Nobel Prize in  Literature,1,1,4000000,6329114,NA,received,"for impassioned writing with wide horizons, characterized by sensuous intelligence and humanistic integrity",NA,https://masterdataapi.nobelprize.org/2/nobelPrize/lit/1990,667,Octavio Paz,Octavio Paz,Octavio,Paz,Octavio Paz,NA,male,http://masterdataapi.nobelprize.org/2/laureate/667,1914-03-31,Mexico City,Mexico City,North America,Mexico,Mexico,"Mexico City, Mexico",1998-04-19,Mexico City,Mexico City,North America,Mexico,Mexico,"Mexico City, Mexico",NA,NA,NA,NA,NA,NA,NA,NA,NA,NA,Individual,Mexico,NA,NA,NA,NA,NA
1991,Literature,The Nobel Prize in  Literature,1,1,6000000,8673863,NA,received,who through her magnificent epic writing has - in the words of Alfred Nobel - been of very great benefit to humanity,NA,https://masterdataapi.nobelprize.org/2/nobelPrize/lit/1991,668,Nadine Gordimer,Nadine Gordimer,Nadine,Gordimer,Nadine Gordimer,NA,female,http://masterdataapi.nobelprize.org/2/laureate/668,1923-11-20,Springs,Springs,Africa,South Africa,South Africa,"Springs, South Africa",2014-07-13,Johannesburg,Johannesburg,Africa,South Africa,South Africa,"Johannesburg, South Africa",NA,NA,NA,NA,NA,NA,NA,NA,NA,NA,Individual,South Africa,NA,NA,NA,NA,NA
1992,Literature,The Nobel Prize in  Literature,1,1,6500000,9184250,NA,received,"for a poetic oeuvre of great luminosity, sustained by a historical vision, the outcome of a multicultural commitment",NA,https://masterdataapi.nobelprize.org/2/nobelPrize/lit/1992,669,Derek Walcott,Derek Walcott,Derek,Walcott,Derek Walcott,NA,male,http://masterdataapi.nobelprize.org/2/laureate/669,1930-01-23,Castries,Castries,North America,Saint Lucia,Saint Lucia,"Castries, Saint Lucia",2017-03-17,Gros-Islet,Gros-Islet,North America,Saint Lucia,Saint Lucia,"Gros-Islet, Saint Lucia",NA,NA,NA,NA,NA,NA,NA,NA,NA,NA,Individual,Saint Lucia,NA,NA,NA,NA,NA
1993,Literature,The Nobel Prize in  Literature,1,1,6700000,9044276,NA,received,"who in novels characterized by visionary force and poetic import, gives life to an essential aspect of American reality",NA,https://masterdataapi.nobelprize.org/2/nobelPrize/lit/1993,670,Toni Morrison,Toni Morrison,Toni,Morrison,Toni Morrison,NA,female,http://masterdataapi.nobelprize.org/2/laureate/670,1931-02-18,"Lorain, OH","Lorain, OH",North America,USA,USA,"Lorain, OH, USA",2019-08-05,"New York, NY","New York, NY",North America,USA,USA,"New York, NY, USA",NA,NA,NA,NA,NA,NA,NA,NA,NA,NA,Individual,USA,NA,NA,NA,NA,NA
1994,Literature,The Nobel Prize in  Literature,1,1,7000000,9249471,NA,received,"who with poetic force creates an imagined world, where life and myth condense to form a disconcerting picture of the human predicament today",NA,https://masterdataapi.nobelprize.org/2/nobelPrize/lit/1994,671,Kenzaburo Oe,Kenzaburo Oe,Kenzaburo,Oe,Kenzaburo Oe,NA,male,http://masterdataapi.nobelprize.org/2/laureate/671,1935-01-31,Uchiko,Uchiko,Asia,Japan,Japan,"Uchiko, Japan",NA,NA,NA,NA,NA,NA,NA,NA,NA,NA,NA,NA,NA,NA,NA,NA,NA,Individual,Japan,NA,NA,NA,NA,NA
1995,Literature,The Nobel Prize in  Literature,1,1,7200000,9278351,NA,received,"for works of lyrical beauty and ethical depth, which exalt everyday miracles and the living past",NA,https://masterdataapi.nobelprize.org/2/nobelPrize/lit/1995,672,Seamus Heaney,Seamus Heaney,Seamus,Heaney,Seamus Heaney,NA,male,http://masterdataapi.nobelprize.org/2/laureate/672,1939-04-13,Casteldàwson,Casteldàwson,Europe,Northern Ireland,Northern Ireland,"Casteldàwson, Northern Ireland",2013-08-30,Dublin,Dublin,Europe,Ireland,Ireland,"Dublin, Ireland",NA,NA,NA,NA,NA,NA,NA,NA,NA,NA,Individual,Ireland,NA,NA,NA,NA,NA
1996,Literature,The Nobel Prize in  Literature,1,1,7400000,9490424,NA,received,for poetry that with ironic precision allows the historical and biological context to come to light in fragments of human reality,NA,https://masterdataapi.nobelprize.org/2/nobelPrize/lit/1996,673,Wislawa Szymborska,Wislawa Szymborska,Wislawa,Szymborska,Wislawa Szymborska,NA,female,http://masterdataapi.nobelprize.org/2/laureate/673,1923-07-02,Bnin,Kórnik,Europe,Poland,Poland,"Bnin (now Kórnik), Poland",2012-02-01,Kraków,Kraków,Europe,Poland,Poland,"Kraków, Poland",NA,NA,NA,NA,NA,NA,NA,NA,NA,NA,Individual,Poland,NA,NA,NA,NA,NA
1997,Literature,The Nobel Prize in  Literature,1,1,7500000,9572839,NA,received,who emulates the jesters of the Middle Ages in scourging authority and upholding the dignity of the downtrodden,NA,https://masterdataapi.nobelprize.org/2/nobelPrize/lit/1997,674,Dario Fo,Dario Fo,Dario,Fo,Dario Fo,NA,male,http://masterdataapi.nobelprize.org/2/laureate/674,1926-03-24,Leggiuno-Sangiano,Leggiuno-Sangiano,Europe,Italy,Italy,"Leggiuno-Sangiano, Italy",2016-10-13,Milan,Milan,Europe,Italy,Italy,"Milan, Italy",NA,NA,NA,NA,NA,NA,NA,NA,NA,NA,Individual,Italy,NA,NA,NA,NA,NA
1998,Literature,The Nobel Prize in  Literature,1,1,7600000,9713701,NA,received,"who with parables sustained by imagination, compassion and irony continually enables us once again to apprehend an elusory reality",NA,https://masterdataapi.nobelprize.org/2/nobelPrize/lit/1998,675,José Saramago,José Saramago,José,Saramago,José Saramago,NA,male,http://masterdataapi.nobelprize.org/2/laureate/675,1922-11-16,Azinhaga,Azinhaga,Europe,Portugal,Portugal,"Azinhaga, Portugal",2010-06-18,Lanzarote,Lanzarote,Europe,Spain,Spain,"Lanzarote, Spain",NA,NA,NA,NA,NA,NA,NA,NA,NA,NA,Individual,Portugal,NA,NA,NA,NA,NA
1999,Literature,The Nobel Prize in  Literature,1,1,7900000,10049186,NA,received,whose frolicsome black fables portray the forgotten face of history,NA,https://masterdataapi.nobelprize.org/2/nobelPrize/lit/1999,676,Günter Grass,Günter Grass,Günter,Grass,Günter Grass,NA,male,http://masterdataapi.nobelprize.org/2/laureate/676,1927-10-16,Danzig,Gdansk,Europe,Free City of Danzig,Poland,"Danzig, Free City of Danzig (now Gdansk, Poland)",2015-04-13,Lübeck,Lübeck,Europe,Germany,Germany,"Lübeck, Germany",NA,NA,NA,NA,NA,NA,NA,NA,NA,NA,Individual,Germany,NA,NA,NA,NA,NA
2000,Literature,The Nobel Prize in  Literature,1,1,9000000,11333109,2000-10-12,received,"for an &aelig;uvre of universal validity, bitter insights and linguistic ingenuity, which has opened new paths for the Chinese novel and drama",NA,https://masterdataapi.nobelprize.org/2/nobelPrize/lit/2000,734,Gao Xingjian,Gao Xingjian,Xingjian,Gao,Gao Xingjian,NA,male,http://masterdataapi.nobelprize.org/2/laureate/734,1940-01-04,Ganzhou,Ganzhou,Asia,China,China,"Ganzhou, China",NA,NA,NA,NA,NA,NA,NA,NA,NA,NA,NA,NA,NA,NA,NA,NA,NA,Individual,France,NA,NA,NA,NA,NA
2001,Literature,The Nobel Prize in  Literature,1,1,10000000,12295082,2001-10-11,received,for having united perceptive narrative and incorruptible scrutiny in works that compel us to see the presence of suppressed histories,NA,https://masterdataapi.nobelprize.org/2/nobelPrize/lit/2001,747,V. S. Naipaul,V. S. Naipaul,V. S.,Naipaul,Sir Vidiadhar Surajprasad Naipaul,NA,male,http://masterdataapi.nobelprize.org/2/laureate/747,1932-08-17,Chaguanas,Chaguanas,North America,Trinidad and Tobago,Trinidad and Tobago,"Chaguanas, Trinidad and Tobago",2018-08-11,London,London,Europe,United Kingdom,United Kingdom,"London, United Kingdom",NA,NA,NA,NA,NA,NA,NA,NA,NA,NA,Individual,United Kingdom,NA,NA,NA,NA,NA
2002,Literature,The Nobel Prize in  Literature,1,1,10000000,12034660,2002-10-10,received,for writing that upholds the fragile experience of the individual against the barbaric arbitrariness of history,NA,https://masterdataapi.nobelprize.org/2/nobelPrize/lit/2002,761,Imre Kertész,Imre Kertész,Imre,Kertész,Imre Kertész,NA,male,http://masterdataapi.nobelprize.org/2/laureate/761,1929-11-09,Budapest,Budapest,Europe,Hungary,Hungary,"Budapest, Hungary",2016-03-31,Budapest,Budapest,Europe,Hungary,Hungary,"Budapest, Hungary",NA,NA,NA,NA,NA,NA,NA,NA,NA,NA,Individual,Hungary,NA,NA,NA,NA,NA
2003,Literature,The Nobel Prize in  Literature,1,1,10000000,11807305,2003-10-02,received,who in innumerable guises portrays the surprising involvement of the outsider,NA,https://masterdataapi.nobelprize.org/2/nobelPrize/lit/2003,763,J. M. Coetzee,J. M. Coetzee,J. M.,Coetzee,John M. Coetzee,NA,male,http://masterdataapi.nobelprize.org/2/laureate/763,1940-02-09,Cape Town,Cape Town,Africa,South Africa,South Africa,"Cape Town, South Africa",NA,NA,NA,NA,NA,NA,NA,NA,NA,NA,NA,NA,NA,NA,NA,NA,NA,Individual,South Africa,NA,NA,NA,NA,NA
2004,Literature,The Nobel Prize in  Literature,1,1,10000000,11762861,2004-10-07,received,for her musical flow of voices and counter-voices in novels and plays that with extraordinary linguistic zeal reveal the absurdity of society's clich&eacute;s and their subjugating power,NA,https://masterdataapi.nobelprize.org/2/nobelPrize/lit/2004,782,Elfriede Jelinek,Elfriede Jelinek,Elfriede,Jelinek,Elfriede Jelinek,NA,female,http://masterdataapi.nobelprize.org/2/laureate/782,1946-10-20,Mürzzuschlag,Mürzzuschlag,Europe,Austria,Austria,"Mürzzuschlag, Austria",NA,NA,NA,NA,NA,NA,NA,NA,NA,NA,NA,NA,NA,NA,NA,NA,NA,Individual,Austria,NA,NA,NA,NA,NA
2005,Literature,The Nobel Prize in  Literature,1,1,10000000,11711430,2005-10-13,received,who in his plays uncovers the precipice under everyday prattle and forces entry into oppression's closed rooms,NA,https://masterdataapi.nobelprize.org/2/nobelPrize/lit/2005,801,Harold Pinter,Harold Pinter,Harold,Pinter,Harold Pinter,NA,male,http://masterdataapi.nobelprize.org/2/laureate/801,1930-10-10,London,London,Europe,United Kingdom,United Kingdom,"London, United Kingdom",2008-12-24,London,London,Europe,United Kingdom,United Kingdom,"London, United Kingdom",NA,NA,NA,NA,NA,NA,NA,NA,NA,NA,Individual,United Kingdom,NA,NA,NA,NA,NA
2006,Literature,The Nobel Prize in  Literature,1,1,10000000,11552680,2006-10-12,received,who in the quest for the melancholic soul of his native city has discovered new symbols for the clash and interlacing of cultures,NA,https://masterdataapi.nobelprize.org/2/nobelPrize/lit/2006,808,Orhan Pamuk,Orhan Pamuk,Orhan,Pamuk,Orhan Pamuk,NA,male,http://masterdataapi.nobelprize.org/2/laureate/808,1952-06-07,Istanbul,Istanbul,Asia,Turkey,Turkey,"Istanbul, Turkey",NA,NA,NA,NA,NA,NA,NA,NA,NA,NA,NA,NA,NA,NA,NA,NA,NA,Individual,Turkey,NA,NA,NA,NA,NA
2007,Literature,The Nobel Prize in  Literature,1,1,10000000,11301989,2007-10-11,received,"that epicist of the female experience, who with scepticism, fire and visionary power has subjected a divided civilisation to scrutiny",NA,https://masterdataapi.nobelprize.org/2/nobelPrize/lit/2007,817,Doris Lessing,Doris Lessing,Doris,Lessing,Doris Lessing,NA,female,http://masterdataapi.nobelprize.org/2/laureate/817,1919-10-22,Kermanshah,Kermanshah,Asia,Persia,Iran,"Kermanshah, Persia (now Iran)",2013-11-17,London,London,Europe,United Kingdom,United Kingdom,"London, United Kingdom",NA,NA,NA,NA,NA,NA,NA,NA,NA,NA,Individual,United Kingdom,NA,NA,NA,NA,NA
2008,Literature,The Nobel Prize in  Literature,1,1,10000000,10926573,2008-10-09,received,"author of new departures, poetic adventure and sensual ecstasy, explorer of a humanity beyond and below the reigning civilization",NA,https://masterdataapi.nobelprize.org/2/nobelPrize/lit/2008,832,Jean-Marie Gustave Le Clézio,Jean-Marie Gustave Le Clézio,Jean-Marie Gustave,Le Clézio,Jean-Marie Gustave Le Clézio,NA,male,http://masterdataapi.nobelprize.org/2/laureate/832,1940-04-13,Nice,Nice,Europe,France,France,"Nice, France",NA,NA,NA,NA,NA,NA,NA,NA,NA,NA,NA,NA,NA,NA,NA,NA,NA,Individual,France,Mauritius,NA,NA,NA,NA
2009,Literature,The Nobel Prize in  Literature,1,1,10000000,10958504,2009-10-08,received,"who, with the concentration of poetry and the frankness of prose, depicts the landscape of the dispossessed",NA,https://masterdataapi.nobelprize.org/2/nobelPrize/lit/2009,844,Herta Müller,Herta Müller,Herta,Müller,Herta Müller,NA,female,http://masterdataapi.nobelprize.org/2/laureate/844,1953-08-17,"Nitzkydorf, Banat","Nitzkydorf, Banat",Europe,Romania,Romania,"Nitzkydorf, Banat, Romania",NA,NA,NA,NA,NA,NA,NA,NA,NA,NA,NA,NA,NA,NA,NA,NA,NA,Individual,Germany,NA,NA,NA,NA,NA
2010,Literature,The Nobel Prize in  Literature,1,1,10000000,10819388,2010-10-07,received,"for his cartography of structures of power and his trenchant images of the individual's resistance, revolt, and defeat",NA,https://masterdataapi.nobelprize.org/2/nobelPrize/lit/2010,854,Mario Vargas Llosa,Mario Vargas Llosa,Mario,Vargas Llosa,Mario Vargas Llosa,NA,male,http://masterdataapi.nobelprize.org/2/laureate/854,1936-03-28,Arequipa,Arequipa,South America,Peru,Peru,"Arequipa, Peru",NA,NA,NA,NA,NA,NA,NA,NA,NA,NA,NA,NA,NA,NA,NA,NA,NA,Individual,NA,NA,NA,NA,NA,NA
2011,Literature,The Nobel Prize in  Literature,1,1,10000000,10545557,2011-10-06,received,"because, through his condensed, translucent images, he gives us fresh access to reality",NA,https://masterdataapi.nobelprize.org/2/nobelPrize/lit/2011,868,Tomas Tranströmer,Tomas Tranströmer,Tomas,Tranströmer,Tomas Tranströmer,NA,male,http://masterdataapi.nobelprize.org/2/laureate/868,1931-04-15,Stockholm,Stockholm,Europe,Sweden,Sweden,"Stockholm, Sweden",2015-03-26,Stockholm,Stockholm,Europe,Sweden,Sweden,"Stockholm, Sweden",NA,NA,NA,NA,NA,NA,NA,NA,NA,NA,Individual,Sweden,NA,NA,NA,NA,NA
2012,Literature,The Nobel Prize in  Literature,1,1,8000000,8361204,2012-10-11,received,"who with hallucinatory realism merges folk tales, history and the contemporary",NA,https://masterdataapi.nobelprize.org/2/nobelPrize/lit/2012,880,Mo Yan,Mo Yan,Mo,Yan,Mo Yan,(pen-name of Guan Moye),male,http://masterdataapi.nobelprize.org/2/laureate/880,1955-02-02,Gaomi,Gaomi,Asia,China,China,"Gaomi, China",NA,NA,NA,NA,NA,NA,NA,NA,NA,NA,NA,NA,NA,NA,NA,NA,NA,Individual,China,NA,NA,NA,NA,NA
2013,Literature,The Nobel Prize in  Literature,1,1,8000000,8365867,2013-10-10,received,master of the contemporary short story,NA,https://masterdataapi.nobelprize.org/2/nobelPrize/lit/2013,892,Alice Munro,Alice Munro,Alice,Munro,Alice Munro,NA,female,http://masterdataapi.nobelprize.org/2/laureate/892,1931-07-10,Wingham,Wingham,North America,Canada,Canada,"Wingham, Canada",NA,NA,NA,NA,NA,NA,NA,NA,NA,NA,NA,NA,NA,NA,NA,NA,NA,Individual,Canada,NA,NA,NA,NA,NA
2014,Literature,The Nobel Prize in  Literature,1,1,8000000,8379888,2014-10-09,received,"for the art of memory with which he has evoked the most ungraspable human destinies and
uncovered the life-world of the occupation",NA,https://masterdataapi.nobelprize.org/2/nobelPrize/lit/2014,912,Patrick Modiano,Patrick Modiano,Patrick,Modiano,Patrick Modiano,NA,male,http://masterdataapi.nobelprize.org/2/laureate/912,1945-07-30,Paris,Paris,Europe,France,France,"Paris, France",NA,NA,NA,NA,NA,NA,NA,NA,NA,NA,NA,NA,NA,NA,NA,NA,NA,Individual,France,NA,NA,NA,NA,NA
2015,Literature,The Nobel Prize in  Literature,1,1,8000000,8384572,2015-10-08,received,"for her polyphonic writings, a monument to suffering and courage in our time",NA,https://masterdataapi.nobelprize.org/2/nobelPrize/lit/2015,924,Svetlana Alexievich,Svetlana Alexievich,Svetlana,Alexievich,Svetlana Alexievich,NA,female,http://masterdataapi.nobelprize.org/2/laureate/924,1948-05-31,Ivano-Frankivsk,Ivano-Frankivsk,Europe,Ukraine,Ukraine,"Ivano-Frankivsk, Ukraine",NA,NA,NA,NA,NA,NA,NA,NA,NA,NA,NA,NA,NA,NA,NA,NA,NA,Individual,Belarus,NA,NA,NA,NA,NA
2016,Literature,The Nobel Prize in  Literature,1,1,8000000,8301051,2016-10-13,received,for having created new poetic expressions within the great American song tradition,NA,https://masterdataapi.nobelprize.org/2/nobelPrize/lit/2016,937,Bob Dylan,Bob Dylan,Bob,Dylan,Bob Dylan,NA,male,http://masterdataapi.nobelprize.org/2/laureate/937,1941-05-24,"Duluth, MN","Duluth, MN",North America,USA,USA,"Duluth, MN, USA",NA,NA,NA,NA,NA,NA,NA,NA,NA,NA,NA,NA,NA,NA,NA,NA,NA,Individual,NA,NA,NA,NA,NA,NA
2017,Literature,The Nobel Prize in  Literature,1,1,9000000,9176183,2017-10-05,received,"who, in novels of great emotional force, has uncovered the abyss beneath our illusory sense of connection with the world",NA,https://masterdataapi.nobelprize.org/2/nobelPrize/lit/2017,947,Kazuo Ishiguro,Kazuo Ishiguro,Kazuo,Ishiguro,Kazuo Ishiguro,NA,male,http://masterdataapi.nobelprize.org/2/laureate/947,1954-11-08,Nagasaki,Nagasaki,Asia,Japan,Japan,"Nagasaki, Japan",NA,NA,NA,NA,NA,NA,NA,NA,NA,NA,NA,NA,NA,NA,NA,NA,NA,Individual,NA,NA,NA,NA,NA,NA
2018,Literature,The Nobel Prize in  Literature,1,1,9000000,9000000,2019-10-10,received,for a narrative imagination that with encyclopedic passion represents the crossing of boundaries as a form of life,NA,https://masterdataapi.nobelprize.org/2/nobelPrize/lit/2018,979,Olga Tokarczuk,Olga Tokarczuk,Olga,Tokarczuk,Olga Tokarczuk,NA,female,http://masterdataapi.nobelprize.org/2/laureate/979,1962-01-29,Sulechów,Sulechów,Europe,Poland,Poland,"Sulechów, Poland",NA,NA,NA,NA,NA,NA,NA,NA,NA,NA,NA,NA,NA,NA,NA,NA,NA,Individual,"Wroclaw, Poland",NA,NA,NA,NA,NA
2019,Literature,The Nobel Prize in  Literature,1,1,9000000,9000000,2019-10-10,received,for an influential work that with linguistic ingenuity has explored the periphery and the specificity of human experience,NA,https://masterdataapi.nobelprize.org/2/nobelPrize/lit/2019,980,Peter Handke,Peter Handke,Peter,Handke,Peter Handke,NA,male,http://masterdataapi.nobelprize.org/2/laureate/980,1942-12-06,Griffen,Griffen,Europe,Austria,Austria,"Griffen, Austria",NA,NA,NA,NA,NA,NA,NA,NA,NA,NA,NA,NA,NA,NA,NA,NA,NA,Individual,"Chaville, France",NA,NA,NA,NA,NA
